location,locationlink
"丰台,和义,东高地",https://bj.lianjia.com/zufang/BJ2340317308763258880.html
"丰台,卢沟桥,晓月新城",https://bj.lianjia.com/zufang/BJ2339603177739132928.html
"朝阳,定福庄,电建南院",https://bj.lianjia.com/zufang/BJ2339811084313034752.html
"朝阳,定福庄,定福庄西街",https://bj.lianjia.com/zufang/BJ2341299688084340736.html
"丰台,卢沟桥,卢沟桥南里",https://bj.lianjia.com/zufang/BJ2340279766386745344.html
"朝阳,望京,花家地小区",https://bj.lianjia.com/zufang/BJ2339709589580693504.html
"顺义,马坡,顺兴街17号院",https://bj.lianjia.com/zufang/BJ2340577087981109248.html
"海淀,皂君庙,青年公寓",https://bj.lianjia.com/zufang/BJ2341210991146041344.html
"朝阳,双桥,东柳西里",https://bj.lianjia.com/zufang/BJ2339748394081460224.html
"朝阳,双桥,东柳西里",https://bj.lianjia.com/zufang/BJ2339777515544903680.html
"西城,马连道,北欧印象",https://bj.lianjia.com/zufang/BJ2339751639264526336.html
"朝阳,惠新西街,惠新里小区",https://bj.lianjia.com/zufang/BJ2339677043593322496.html
"昌平,北七家,北亚花园",https://bj.lianjia.com/zufang/BJ2339708644502798336.html
"海淀,田村,半壁店六建宿舍",https://bj.lianjia.com/zufang/BJ2341190832952188928.html
"朝阳,甘露园,康家园",https://bj.lianjia.com/zufang/BJ2340555498925072384.html
"朝阳,甘露园,康家园",https://bj.lianjia.com/zufang/BJ2341233952024969216.html
"朝阳,定福庄,泰福苑D2区",https://bj.lianjia.com/zufang/BJ2339671388044140544.html
"朝阳,双桥,远洋一方林语苑",https://bj.lianjia.com/zufang/BJ2340438217419407360.html
"海淀,清河,清河文苑",https://bj.lianjia.com/zufang/BJ2340268319057657856.html
"丰台,岳各庄,大井东里",https://bj.lianjia.com/zufang/BJ2340336076604055552.html
"朝阳,朝阳公园,南十里居",https://bj.lianjia.com/zufang/BJ2340556401497350144.html
"朝阳,东坝,康静里",https://bj.lianjia.com/zufang/BJ2340532733946118144.html
"朝阳,方庄,10AM新坐标",https://bj.lianjia.com/zufang/BJ2340279949140959232.html
"朝阳,方庄,10AM新坐标",https://bj.lianjia.com/zufang/BJ2341067827554811904.html
"朝阳,惠新西街,樱花园",https://bj.lianjia.com/zufang/BJ2340368853311160320.html
"朝阳,惠新西街,樱花园",https://bj.lianjia.com/zufang/BJ2340503936064028672.html
"顺义,顺义其它,澜西园三区",https://bj.lianjia.com/zufang/BJ2339821047563419648.html
"西城,菜户营,乐城",https://bj.lianjia.com/zufang/BJ2339740069277483008.html
"西城,菜户营,乐城",https://bj.lianjia.com/zufang/BJ2339563551121227776.html
"丰台,五里店,五里店南里",https://bj.lianjia.com/zufang/BJ2339687333848424448.html
